Name of the Tool,Motorcycle Model,Brand,Luxury Car Model,Brand,EV Model,Brand,Healthy Food and Dishes,,,Beverage,Kitchenware,Baked Good / Dessert Name,Junk Food Name,Vegetarian Dish Name,"Comics, Graphic Novels",,Mythological Creature Name,Exotic Pets
Cordless Drill,Honda CB750,Honda,S-Class,Mercedes-Benz,Model 3,Tesla,Avocados,,,Water,Chef’s knife,Chocolate Cake,French Fries,Vegetable Stir-Fry,Watchmen,,Dragon,Fennec Fox
Impact Driver,Yamaha YZF-R1,Yamaha,EQS Sedan,Mercedes-Benz,Model Y,Tesla,Blueberries,,,Mineral water,Paring knife,Cheesecake,Potato Chips,Paneer Tikka,Batman: The Killing Joke,,Phoenix,Sugar Glider
Hammer Drill,Suzuki Hayabusa,Suzuki,G-Class,Mercedes-Benz,Model S,Tesla,Salmon,,,Sparkling water,Bread knife,Apple Pie,Onion Rings,Chana Masala,V for Vendetta,,Griffin (Gryphon),Axolotl
Rotary Hammer,Kawasaki Ninja ZX-10R,Kawasaki,E-Class,Mercedes-Benz,Model X,Tesla,Grilled salmon with quinoa and broccoli,,,Coconut water,Utility knife,Brownies,Fried Chicken,Vegetable Biryani,The Sandman,,Unicorn,Hedgehog
Electric Screwdriver,Ducati Panigale V4,Ducati,C-Class,Mercedes-Benz,Cybertruck,Tesla,Spinach,,,Lemon water,Knife block or magnetic strip,Cookies,Burgers,Margherita Pizza,Maus,,Pegasus,Capybara
Jigsaw,BMW S1000RR,BMW,GLS,Mercedes-Benz,Leaf,Nissan,Avocado toast on whole grain bread,,,Cucumber-mint water,Cutting board (wood or plastic),Cupcakes,Hot Dogs,Caprese Salad,Persepolis,,Kraken,Kinkajou
Circular Saw,Harley-Davidson Sportster 883,Harley-Davidson,7 Series,BMW,Ariya,Nissan,Greek yogurt with honey and berries,,,Apple cider vinegar water,Mixing bowls (various sizes),Donuts,Pizza,Lentil Soup,Saga,,Hydra,Serval
Miter Saw,Triumph Bonneville T120,Triumph,5 Series,BMW,Bolt EV,Chevrolet,Almond butter on apple slices,,,Green tea,Measuring cups ,Croissants,Nachos,Dal Tadka,Y: The Last Man,,Cerberus,Wallaby
Table Saw,KTM 1290 Super Duke R,KTM,8 Series,BMW,Bolt EUV,Chevrolet,Overnight oats with chia seeds and banana,,,Black tea,Measuring spoons,Macarons,Mozzarella Sticks,Veggie Burger,Bone,,Minotaur,Marmoset
Track Saw,MV Agusta F4,MV Agusta,i7,BMW,Equinox EV,Chevrolet,Vegetable stir-fry with tofu,,,White tea,Measuring jug ,Muffins,Chicken Nuggets,Mushroom Risotto,Sin City,,Chimera,Chinchilla
Reciprocating Saw,Honda CBR600RR,Honda,iX,BMW,Blazer EV,Chevrolet,Quinoa salad with roasted veggies and lemon dressing,,,Oolong tea,Saucepan,Banana Bread,Tater Tots,Veggie Pasta Primavera,300,,Sphinx,Tegu Lizard
Band Saw,Yamaha MT-09,Yamaha,X7,BMW,Mustang Mach-E,Ford,Sweet potato and black bean tacos,,,Matcha tea,Stockpot,Éclairs,Corn Dogs,Palak Paneer,The Dark Knight Returns,,Basilisk,Bearded Dragon
Scroll Saw,Suzuki GSX-R1000,Suzuki,A8,Audi,F-150 Lightning,Ford,Chia pudding with almond milk and mango,,,Herbal tea ,Frying pan / skillet,Tiramisu,Cheese Balls,Ratatouille,Black Hole,,Medusa (Gorgon),Ball Python
Chainsaw,Kawasaki Z900,Kawasaki,A7,Audi,E-Transit,Ford,Lentil soup,,,Ginger tea,Non-stick skillet,Cinnamon Rolls,Popcorn (Butter-Salted),Falafel Wrap,Fun Home,,Cyclops,Corn Snake
Tile Saw,Ducati Monster 1200,Ducati,A6,Audi,IONIQ 5,Hyundai,Egg and vegetable breakfast muffins,,,Turmeric tea (golden milk),Cast iron skillet,Red Velvet Cake,Buffalo Wings,Hummus with Pita,Ghost World,,Satyr,Boa Constrictor
Angle Grinder,BMW R1250GS,BMW,A5,Audi,IONIQ 6,Hyundai,"Tomato, mozzarella & basil salad (Caprese)",,,Rooibos tea,Dutch oven,Ice Cream Cake,Chili Cheese Fries,Vegetable Samosa,Scott Pilgrim,,Centaur,Savannah Cat
Die Grinder,Harley-Davidson Road King,Harley-Davidson,Q8,Audi,Kona Electric,Hyundai,Kale Caesar salad with grilled chicken,,,Yerba mate,Wok,Lemon Bars,Garlic Bread,Tomato Basil Soup,The Walking Dead,,Harpy,Bengal Cat
Bench Grinder,Triumph Street Triple 765 RS,Triumph,e-tron GT,Audi,EV6,Kia,Sardines on whole-grain crackers,,,Iced tea ,Saute pan,Key Lime Pie,Deep-Fried Pickles,Eggplant Parmesan,Locke & Key,,Siren,Sphynx Cat
Belt Sander,KTM 690 Duke,KTM,RS7 Sportback,Audi,EV9,Kia,Brown rice and vegetable bowl,,,Chai tea,Grill pan,Pecan Pie,Taco Bell Tacos,Aloo Gobi,Fables,,Nemean Lion,African Grey Parrot
Orbital Sander,Royal Enfield Classic 350,Royal Enfield,XF,Jaguar,Niro EV,Kia,Flaxseed and banana smoothie,,,Bubble tea,Roasting pan,Pumpkin Pie,McDonald's Big Mac,Vegetable Spring Rolls,Hellboy,,Lamia,Macaw
Random Orbital Sander,Honda CRF450R,Honda,F-Type,Jaguar,RZ 450e,Lexus,Bell pepper stuffed with ground turkey and quinoa,,,Coffee,Baking sheet,Profiteroles,KFC Zinger Burger,Tofu Stir-Fry,Akira,,Leviathan,Cockatoo
Detail Sander,Yamaha YZ450F,Yamaha,I-PACE,Jaguar,UX 300e,Lexus,Apple slices with peanut butter,,,Espresso,Muffin tin,Apple Strudel,Domino’s Pepperoni Pizza,Veggie Tacos,One Piece,,Manticore,Lovebird
Drum Sander,Suzuki DR-Z400SM,Suzuki,XE,Jaguar,bZ4X,Toyota,Orange and fennel salad,,,Americano,Cake pan ,Baked Alaska,Doritos,Vegetable Sushi,Naruto,,Werewolf,Eclectus Parrot
Disc Sander,Kawasaki KX450,Kawasaki,Ghost,Rolls-Royce,Prologue,Honda,Carrot and hummus snack plate,,,Latte,Loaf pan,Black Forest Cake,Cheetos,Pasta Alfredo (no meat),Bleach,,Vampire,Quaker Parrot
Palm Sander,Husqvarna TE 300i,Husqvarna,Phantom,Rolls-Royce,ZDX,Acura,Garlic-roasted cauliflower,,,Cappuccino,Bundt pan,Carrot Cake,Flaming Hot Cheetos,Gnocchi with Tomato Sauce,Dragon Ball,,Banshee,Indian Ringneck Parakeet
Heat Gun,Beta 300 RR,Beta,Cullinan,Rolls-Royce,i4,BMW,Green tea,,,Flat white,Pie dish,Bread Pudding,Pringles,Greek Salad,Death Note,,Troll,Hyacinth Macaw
Hot Glue Gun,Harley-Davidson Fat Boy,Harley-Davidson,Spectre,Rolls-Royce,i5,BMW,Olive oil-drizzled mixed greens,,,Cold brew coffee,Pizza stone,Crème Brûlée,Ruffles,Mushroom Stroganoff,Attack on Titan,,Ogre,Koi Fish
Nail Gun (Framing),Indian Scout,Indian Motorcycles,Flying Spur,Bentley,i7,BMW,Mushroom and spinach omelette,,,Nitro cold brew,Casserole dish,Pavlova,Lay’s Classic Chips,Thai Green Curry (vegetarian),My Hero Academia,,Giant,Arowana
Finish Nailer,Moto Guzzi V7 III,Moto Guzzi,Continental GT,Bentley,iX,BMW,Cauliflower rice bowl,,,Iced coffee,Ramekins,Trifle,Twinkies,Vegetable Korma,Tokyo Ghoul,,Yeti,Discus Fish
Brad Nailer,Aprilia RSV4,Aprilia,Bentayga,Bentley,MINI Cooper SE,Mini,Cabbage slaw with tahini dressing,,,Frappuccino,Cooling rack,Soufflé,HoHos,Stuffed Bell Peppers,Fullmetal Alchemist,,Bigfoot,Oscar Fish
Flooring Nailer,Honda Africa Twin,Honda,CT5-V Blackwing,Cadillac,Countryman Electric,Mini,Beet and goat cheese salad,,,Mocha,Colander,Fruit Tart,Ding Dongs,Vegetarian Chili,Demon Slayer,,Chupacabra,Piranha
Staple Gun (Electric),Yamaha Tenere 700,Yamaha,Escalade,Cadillac,EQS Sedan,Mercedes-Benz,Strawberries dipped in dark chocolate,,,Dalgona coffee,Sieve / strainer,Opera Cake,Honey Buns,Broccoli Cheddar Soup,Chainsaw Man,,Djinn (Genie),Pacman Frog
Power Caulking Gun,KTM 890 Adventure R,KTM,Lyriq,Cadillac,EQE Sedan,Mercedes-Benz,Black bean chili,,,Turkish coffee,Salad spinner,Churros,Pop-Tarts,Zucchini Noodles,Jujutsu Kaisen,,Roc,Dart Frog
Power Paint Sprayer,BMW F850GS,BMW,Navigator,Lincoln,EQB,Mercedes-Benz,Pumpkin seed granola,,,Vietnamese iced coffee,Grater ,Baklava,Donuts,Spinach Lasagna,Vagabond,,Thunderbird,Tomato Frog
Air Compressor,Ducati Multistrada V4,Ducati,Aviator,Lincoln,EQS SUV,Mercedes-Benz,Steamed edamame with sea salt,,,Thai iced tea,Mandoline slicer,Mille-feuille,Cinnamon Rolls,Roasted Cauliflower,Berserk,,Wendigo,White’s Tree Frog
Pneumatic Impact Wrench,Triumph Tiger 900 Rally Pro,Triumph,Continental,Lincoln,EQE SUV,Mercedes-Benz,Dark chocolate (70%+),,,Masala chai,Peeler,Madeleines,Frosted Flakes,Okra Fry,Hunter x Hunter,,Kappa,Red-Eyed Tree Frog
Electric Impact Wrench,Honda Rebel 500,Honda,DB11,Aston Martin,e-tron GT,Audi,Grilled chicken with roasted Brussels sprouts,,,Hot chocolate,Garlic press,Cannoli,Lucky Charms,Avocado Toast,JoJo’s Bizarre Adventure,,Oni,Axanthic Leopard Gecko
Torque Wrench (Digital),Yamaha XSR900,Yamaha,DBS Superleggera,Aston Martin,Q4 e-tron,Audi,Golden turmeric latte (with plant milk),,,Spiced hot chocolate,Citrus juicer,Gelato,Froot Loops,Bruschetta,Vinland Saga,,Kitsune,Crested Gecko
Power Ratchet,Suzuki SV650,Suzuki,Vantage,Aston Martin,Q8 e-tron,Audi,Ginger-carrot soup,,,Chocolate milk,Can opener,Fudge,Captain Crunch,Corn on the Cob,Black Clover,,Tanuki,Tokay Gecko
Electric Socket Wrench,Kawasaki Versys 650,Kawasaki,Valhalla,Aston Martin,RS e-tron GT,Audi,Red grapes and almonds,,,Oat milk,Bottle opener,Blondies,Ice Cream Sandwiches,Veggie Quesadilla,Dr. Stone,,Jiangshi (Hopping Vampire),Uromastyx
Oscillating Multi-Tool,Harley-Davidson Street Glide,Harley-Davidson,Quattroporte,Maserati,A6 e-tron,Audi,Kiwi and chia parfait,,,Almond milk,Wine opener / corkscrew,Marshmallows,Drumsticks (Ice Cream),Sweet Potato Fries,Spy x Family,,Golem,Blue Tongue Skink
Rotary Tool (Dremel),Indian Chief,Indian Motorcycles,Ghibli,Maserati,Air Pure,Lucid Motors,Mango-avocado salsa,,,Soy milk,Vegetable brush,Rice Krispie Treats,Chocolate Chip Cookies,Vegetable Pancakes,Slam Dunk,,Nymph,Chinese Water Dragon
Electric File,Honda Gold Wing,Honda,Levante,Maserati,Air Touring,Lucid Motors,Papaya smoothie bowl,,,Coconut milk,Kitchen scissors / shears,Lamingtons,Oreos,Mashed Potatoes,Claymore,,Dryad,Frilled Lizard
Power Shears,Yamaha FJR1300,Yamaha,MC20,Maserati,Air Grand Touring,Lucid Motors,Pineapple coconut smoothie,,,Rice milk,Kitchen scale,Anzac Biscuits,Fudge Brownies,Stuffed Zucchini Boats,Gantz,,Selkie,Green Iguana
Electric Nibbler,BMW K1600GT,BMW,Model S,Tesla,Air Sapphire,Lucid Motors,Watermelon-feta-mint salad,,,Cashew milk,Thermometer ,Basque Cheesecake,Rice Krispie Treats,Baked Mac and Cheese,Parasyte,,Kelpie,Monitor Lizard
Planer (Electric),Can-Am Spyder F3,Can-Am,Model X,Tesla,Gravity SUV,Lucid Motors,Zucchini noodles with pesto,,,Horchata,Tongs,Danish Pastry,Candy Corn,Tomato Mozzarella Sandwich,Blue Lock,,Bunyip,Alligator Snapping Turtle
Jointer,Ducati Diavel V4,Ducati,Model 3 Long Range,Tesla,Polestar 2,Polestar,Asparagus with poached eggs,,,Golden milk latte,Spatula ,Scones,Gummy Bears,Baked Eggplant Slices,Dorohedoro,,Tikbalang,Red-Eared Slider
Thickness Planer,Triumph Rocket 3 R,Triumph,Model Y Performance,Tesla,Polestar 3,Polestar,Brussels sprouts roasted with balsamic glaze,,,Beetroot latte,Whisk,Shortbread,Gummy Worms,Grilled Cheese Sandwich,Pluto,,Aswang,Russian Tortoise
Wood Lathe,Moto Guzzi California Touring,Moto Guzzi,Taycan,Porsche,Polestar 4,Polestar,Seaweed salad,,,Lavender latte,Ladle,Tarts,Skittles,Chickpea Salad,20th Century Boys,,Manananggal,Sulcata Tortoise
Metal Lathe,Honda CB500X,Honda,Panamera,Porsche,GV60,Genesis,Grilled tuna steak with lemon,,,Carrot juice,Soup spoon,Swiss Roll,M&Ms,Vegetarian Paella,Monster,,Tengu,African Fat-Tailed Gecko
Drill Press,Yamaha MT-07,Yamaha,Cayenne,Porsche,Electrified G80,Genesis,Berries and Greek yogurt bowl,,,Celery juice,Slotted spoon,Victoria Sponge,Reese’s Cups,Roasted Veggie Flatbread,Rurouni Kenshin,,Fenrir,Rose Hair Tarantula
Magnetic Drill,Suzuki V-Strom 650,Suzuki,Macan GTS,Porsche,Electrified GV70,Genesis,Buckwheat pancakes with fruit,,,Beet juice,Pasta spoon,Sticky Toffee Pudding,Snickers,Spinach and Cheese Enchiladas,Inuyasha,,Jörmungandr,Mexican Red Knee Tarantula
Mortiser,Kawasaki Z650,Kawasaki,911 Carrera,Porsche,Enyaq iV,Škoda,Barley and mushroom risotto,,,Pomegranate juice,Wooden spoons,Mochi,Kit Kat,Stuffed Grape Leaves,Fairy Tail,,Valkyrie,Goliath Birdeater Tarantula
Biscuit Joiner,Ducati Scrambler Icon,Ducati,LC 500,Lexus,ID.4,Volkswagen,Millet and roasted veggie bowl,,,Orange juice,Serving spoons,Dango,Twix,Vegetable Tempura,The Promised Neverland,,Dullahan,Scorpion (Emperor)
Domino Joiner,Royal Enfield Himalayan,Royal Enfield,LS 500,Lexus,ID.7,Volkswagen,Pear and walnut salad,,,Grapefruit juice,Rolling pin,Tres Leches Cake,Hershey’s Chocolate Bar,Udon Noodle Soup (veggie),Hellsing,,Faun,Giant African Land Snail
Doweling Jig (Powered),CFMoto 800MT,CFMoto,RX 500h,Lexus,ID. Buzz,Volkswagen,"Peach, spinach & goat cheese wrap",,,Apple juice,Pastry brush,Flan,Sour Patch Kids,Vegetarian Ramen,Bakuman,,Imp,Hermit Crab
CNC Router,Harley-Davidson Pan America 1250,Harley-Davidson,GX 550,Lexus,Taycan,Porsche,Plum and quinoa breakfast bowl,,,Pineapple juice,Ice cream scoop,Arroz con Leche,Swedish Fish,Lentil Burgers,Erased,,Nuckelavee,Madagascar Hissing Cockroach
CNC Plasma Cutter,Buell Lightning XB12S,Buell,LX 600,Lexus,Taycan Cross Turismo,Porsche,Pomegranate and arugula salad,,,Mango juice,Melon baller,Gulab Jamun,Cotton Candy,Pesto Pasta,Mob Psycho 100,,Mokele-Mbembe,Stick Insect
Power Trowel,Honda XR650L,Honda,ES 350,Lexus,Taycan Sport Turismo,Porsche,Raspberry almond energy bites,,,Watermelon juice,Pizza cutter,Rasgulla,Funnel Cake,Tofu Scramble,Made in Abyss,,Ammit,Praying Mantis
Concrete Vibrator,Yamaha WR250R,Yamaha,QX80,Infiniti,Macan EV (upcoming),Porsche,Blackberry chia jam on whole wheat toast,,,Lemonade ,Bench scraper,Jalebi,Churros,Grilled Portobello Mushrooms,Noragami,,Anzu,Flying Squirrel
Concrete Grinder,Suzuki RM-Z250,Suzuki,Q60 Red Sport,Infiniti,Rimac Nevera,Rimac,Figs with ricotta and honey,,,Fresh lime juice,Mortar and pestle,Kheer,Deep-Fried Oreos,Miso Soup,Ajin,,Camazotz,Genet
Wall Chaser,Kawasaki KLX300,Kawasaki,QX60,Infiniti,Spectre,Rolls-Royce,Stuffed dates with almond butter,,,Cranberry juice,Food processor,Barfi,Deep-Fried Twinkies,Avocado Sushi Rolls,The Girl from the Other Side,,Quetzalcoatl,Slow Loris
Power Mixer (Mortar),Husqvarna Vitpilen 701,Husqvarna,G90,Genesis,Celestiq,Cadillac,Persimmon and kale salad,,,Tomato juice,Blender,Halva,Milkshakes,Stuffed Paratha,A Silent Voice,,Tezcatlipoca,Degu
Tile Cutter (Electric),Bimota Tesi H2,Bimota,G80,Genesis,Lyriq,Cadillac,Green pea soup,,,Vegetable juice blend,Hand mixer,Lokum (Turkish Delight),Slurpees,Idli with Coconut Chutney,Orange,,Thunderbird,Bush Baby (Galago)
Drywall Screw Gun,Norton Commando 961,Norton,GV80,Genesis,Hummer EV Pickup,GMC,Arugula and avocado wrap,,,Smoothies (fruit-based),Stand mixer,Khaja,Root Beer Floats,Dhokla,Goodnight Punpun,,Bai Ze,Miniature Donkey
Drywall Sander,Honda CB350,Honda,GV70,Genesis,Hummer EV SUV,GMC,Collard green veggie wraps,,,Green smoothies,Immersion blender,Napoleons,"Cola (Coca-Cola, Pepsi)",Vegetable Pad Thai,Tomie,,Qilin (Kirin),Miniature Pig
Pole Saw,Yamaha R7,Yamaha,Polestar 2,Polestar,Ocean,Fisker,Swiss chard sautéed with garlic,,,Protein shakes,Toaster,Panettone,Mountain Dew,Moong Dal Khichdi,Uzumaki,,Nian,Alpaca
Hedge Trimmer (Electric),Suzuki GSX-8S,Suzuki,Polestar 3,Polestar,PEAR (upcoming),Fisker,Turnip mash with olive oil,,,Milkshakes,Toaster oven,Pandoro,Energy Drinks,Baingan Bharta,Black Jack,,Huli Jing,Ferret
Lawn Mower (Electric),Kawasaki Ninja 650,Kawasaki,Range Rover SV,Land Rover,FF 91,Faraday Future,Leek and potato soup,,,Yogurt-based lassi,Microwave,Zeppole,Sweet Tea (Bottled),Vegetable Pulao,Astro Boy,,Nue,Raccoon
Edger (Electric),Ducati Supersport 950,Ducati,Range Rover Velar,Land Rover,B1 (SUV),Bollinger,Caramelized onion and goat cheese tart,,,Kefir,Kettle ,Sfogliatelle,Fruit Punch,Vegetable Upma,Devilman,,Baku,Skunk (descented)
Leaf Blower,BMW R nineT,BMW,Range Rover Sport Dynamic,Land Rover,B2 (Pickup),Bollinger,Radish and cucumber salad,,,Buttermilk,Coffee maker,Palmiers,Capri Sun,Khandvi,Boys Over Flowers,,Abaia,Bat (Fruit Bat)
Snow Blower (Electric),Triumph Thruxton RS,Triumph,Defender 110 V8,Land Rover,XPeng P7,XPeng,Artichoke and spinach dip ,,,Ayran ,French press,Kugelhopf,Kool-Aid,Tomato Chutney Sandwich,Fruits Basket,,Adlet,Zebra Finch
Pressure Washer,KTM RC 390,KTM,Discovery,Land Rover,XPeng G9,XPeng,Celery with hummus,,,Shrikhand drink,Espresso machine,Stollen,Monster Energy,Vegan Caesar Salad,Nana,,Ahuizotl,Canary
Steam Cleaner (Power),Royal Enfield Interceptor 650,Royal Enfield,Huracán Tecnica,Lamborghini,NIO ET7,NIO,Cucumber-mint yogurt salad,,,Cucumber-lime cooler,Tea pot,Kouign-Amann,Red Bull,Cauliflower Tacos,Ouran High School Host Club,,Alkonost,Toucan
Vacuum (Shop-Vac),Moto Morini X-Cape,Moto Morini,Urus Performante,Lamborghini,NIO EL6 (ES6),NIO,Grapefruit and avocado bowl,,,Mint lemonade,Tea infuser,Pain au Chocolat,Pizza Rolls,Roasted Brussels Sprouts,Skip Beat!,,Basilisk,Indian Star Tortoise
Electric Hoist,Aprilia Tuono V4,Aprilia,Revuelto,Lamborghini,Zeekr 001,Zeekr,Banana and oat pancakes,,,Agua fresca ,Rice cooker,Biscotti,Bagel Bites,Stuffed Mushrooms,Kimi ni Todoke,,Cthulhu,Box Turtle
Winch (Powered),MV Agusta Brutale 1000 RR,MV Agusta,296 GTB,Ferrari,Zeekr X,Zeekr,Pistachio-crusted salmon,,,Soursop juice,Slow cooker,Speculoos,Instant Noodles (Ramen),Kale and Quinoa Salad,Chihayafuru,,Drekavac,Chameleon
Portable Generator,Zero SR/F,Zero Motorcycles,SF90 Stradale,Ferrari,BYD Han EV,BYD,Cashew chicken lettuce wraps,,,Papaya smoothie,Pressure cooker,Stroopwafel,Microwave Burritos,Baked Tofu,March Comes in Like a Lion,,Eloko,Veiled Chameleon
Inverter Generator,Energica Ego,Energica,Roma,Ferrari,BYD Seal,BYD,Brazil nut and spinach pesto pasta,,,Blueberry smoothie,Air fryer,Melktert,Microwave Mac & Cheese,Grilled Vegetable Skewers,Beastars,,Encantado,Panther Chameleon
Soldering Station,Harley-Davidson LiveWire,LiveWire,Purosangue,Ferrari,Atto 3,BYD,Sunflower seed and berry trail mix,,,Banana-peanut butter smoothie,Instant Pot,Koeksister,Fast Food Breakfast Sandwiches,Black Bean Soup,To Your Eternity,,Ewah,Jackson’s Chameleon
Desoldering Gun,Honda Grom,Honda,Lucid Air Grand Touring,Lucid,Dolphin,BYD,Hemp seed smoothie with berries,,,Strawberry-basil smoothie,"Cutlery set (knife, fork, spoon)",Malva Pudding,Cheesesteak Sandwich,Matar Paneer,The Quintessential Quintuplets,,Grootslang,Green Basilisk
Ultrasonic Cleaner,Yamaha Zuma 125,Yamaha,Lucid Air Sapphire,Lucid,Ora Funky Cat,Great Wall Motor,Macadamia nut and kale salad,,,Detox juice blend,Chopsticks,Dobos Torte,Loaded Nachos,Cheese Quesadilla,Rent-A-Girlfriend,,Inkanyamba,Anole
Electric Engraver,Suzuki Burgman 400,Suzuki,Karma Revero GT,Karma,GWM Ora Lightning Cat,Great Wall Motor,Cottage cheese with pineapple,,,Energy drinks ,Dinner plates,Linzer Torte,Quesadillas (Fast Food),Veggie Fajitas,Kaguya-sama: Love Is War,,Ijiraq,Garter Snake
Power Inverter (Car/Truck),Vespa GTS 300,Vespa,Rimac Nevera,Rimac,Peugeot e-208,Peugeot,Kefir with ground flaxseed,,,Kombucha,Salad plates,Sachertorte,Taquitos,Roasted Sweet Potatoes,Horimiya,,Kamaitachi,Kingsnake
Rebar Cutter (Electric),Piaggio MP3 500,Piaggio,Maybach S 680,Mercedes-Maybach,Peugeot e-3008,Peugeot,Tempeh and veggie curry,,,Tepache ,Soup bowls,Hungarian Beigli,Jalapeño Poppers,Couscous Salad,ReLIFE,,Karkadann,Milk Snake
Rebar Bender (Electric),Sym Wolf 250,SYM,Maybach GLS 600,Mercedes-Maybach,Renault Zoe,Renault,Tofu stir-fry with brown rice,,,Kvass,Cereal bowls,Polish Pączki,Pretzels (Salted/Stuffed),Chickpea Curry,Barakamon,,Ladon,Sun Conure
Pipe Threader (Power),KTM 390 Duke,KTM,AMG GT 63 S E Performance,Mercedes-AMG,Renault Megane E-Tech,Renault,Miso soup with seaweed and tofu,,,Beer ,Serving bowls,Rugelach,Poutine,Vegetable Sandwich,Anohana,,Makara,Rainbow Lorikeet
Pipe Cutter (Electric),BMW G310R,BMW,AMG SL 63,Mercedes-AMG,Dacia Spring,Dacia,Hummus and veggie pita,,,Red wine ,Serving platters,Babka,Deep-Dish Pizza,Rajma (Kidney Bean Curry),Toradora!,,Mapinguari,Senegal Parrot
Drain Auger (Powered),Honda CB300R,Honda,RS Q8,Audi,MG4 EV,MG,Whole wheat toast with smashed peas and feta,,,White wine,Drinkware ,Kolaczki,Bacon Cheeseburger,Coconut Rice,Nisekoi,,Mujina,Caique Parrot
Vacuum Pump (HVAC),Yamaha R3,Yamaha,RS e-tron GT,Audi,MG ZS EV,MG,Rye crispbread with smoked salmon,,,Sangria,Mugs,Kremówka,Cheeseburger Sliders,Tomato Rice,Bloom Into You,,Naga,Plum-Headed Parakeet
Refrigerant Recovery Machine,Suzuki GSX250R,Suzuki,M8 Competition,BMW,Smart #1,Smart (Geely/Mercedes),Kimchi fried rice (with brown rice and tofu),,,Champagne,Coffee cups and saucers,Cheesecake Brownies,Corn Chips (Fritos),Szechuan Vegetables,Oshi no Ko,,Pontianak,Peacock (Pet)
Electric Fence Charger,Kawasaki Ninja 400,Kawasaki,XM Label Red,BMW,Smart #3,Smart (Geely/Mercedes),Sauerkraut and avocado sandwich,,,Prosecco,Wine glasses,Chocolate Mousse,Beef Jerky (Flavored),Vegetarian Burrito Bowl,Blue Period,,Re’em,Silkie Chicken
Electric Winch,CF Moto 300NK,CFMoto,Black Badge Ghost,Rolls-Royce,Leapmotor C11,Leapmotor,Plain yogurt with cinnamon and pear,,,Bloody Mary,Champagne flutes,Lemon Meringue Pie,Snack Cakes (Little Debbie),Quiche (Vegetarian),Chainsaw Man Part 2,,Simurgh,Fancy Rat
Soil Auger (Powered),Harley-Davidson Nightster,Harley-Davidson,Speed Six Continuation,Bentley,Seres SF5,Seres,Matcha green tea smoothie,,,Mimosa,Water pitcher,Icebox Cake,Chocolate Milk,Potato Gratin,Solo Leveling,,Tarasque,Fancy Mouse
Laser Level (Self-Leveling),Ducati DesertX,Ducati,Hummer EV SUV,GMC,Canoo Lifestyle Vehicle,Canoo,Chamomile or peppermint herbal tea,,,Mojito ,Carafe or decanter,Peanut Butter Cookies,Nutella (by the spoonful),Tofu Lettuce Wraps,Tower of God,,Tikoloshe,Gerbil
Power Screw Feeder,Triumph Scrambler 1200 XE,Triumph,Escalade-V,Cadillac,Canoo Pickup Truck,Canoo,Bone broth with vegetables,,,Virgin piña colada,Salt and pepper shakers,Snickerdoodles,Chocolate Spread Sandwiches,Paneer Bhurji,The Breaker,,Tsuchinoko,Axanthic Python
Electric Paint Mixer,Indian FTR 1200,Indian Motorcycles,CT4-V Blackwing,Cadillac,VinFast VF 8,VinFast,Avocado oil roasted root veggies,,,Arnold Palmer,Oil and vinegar cruets,Oatmeal Raisin Cookies,Fast Food Pancakes,Corn Fritters,Noblesse,,Umibōzu,Albino Burmese Python
Dust Extractor,BSA Gold Star,BSA,Grand Wagoneer Obsidian,Jeep,VinFast VF 9,VinFast,Coconut oil granola ,,,Matcha lemonade,Butter dish,Chocolate Chip Cookies,Ice Cream Cones,Vegetable Pancit (Filipino),Wind Breaker,,Yowie,Pacu Fish
Power Tool Battery Charger,,,911 Turbo S Cabriolet,Porsche,Aptera SEV (solar EV),Aptera Motors,Cacao nibs in energy bites,,,Ginger ale ,Creamer and sugar bowl,Sugar Cookies,Waffle Fries,Vegetable Pho,Lookism,,Zaratan,Feather Tail Glider
Tool Sharpening System,,,G70 Shooting Brake,Genesis,Tesla Roadster (2nd Gen),Tesla,"Fresh herb salad (parsley, basil, mint, lemon)",,,Sparkling apple cider,Napkin holder,Birthday Cake,Cheesy Breadsticks,Spaghetti Aglio e Olio,Omniscient Reader,,Ziz,Black-Throated Monitor
,,,,,Lotus Eletre,Lotus,,,,,,,,,,,,
,,,,,Lotus Emeya,Lotus,,,,,,,,,,,,